DELETE FROM ALUNO;

INSERT INTO ALUNO(CD_ALUNO, NR_MATRICULA, NM_ALUNO, DS_SENHA, VL_IRA) 
 VALUES(1001, 123, 'rbonifacio', '123', 3.3);

INSERT INTO ALUNO(CD_ALUNO, NR_MATRICULA, NM_ALUNO, DS_SENHA, VL_IRA) 
 VALUES(1002, 456, 'hbonifacio', '456', 4.3);


INSERT INTO ALUNO(CD_ALUNO, NR_MATRICULA, NM_ALUNO, DS_SENHA, VL_IRA) 
 VALUES(1003, 789, 'ibonifacio', '789', 3.8);


INSERT INTO ALUNO(CD_ALUNO, NR_MATRICULA, NM_ALUNO, DS_SENHA, VL_IRA) 
 VALUES(1004, 987, 'jbonifacio', '987', 4.5);


INSERT INTO ALUNO(CD_ALUNO, NR_MATRICULA, NM_ALUNO, DS_SENHA, VL_IRA) 
 VALUES(1005, 654, 'kbonifacio', '654', 3.5);

DELETE FROM PROFESSOR;

INSERT INTO PROFESSOR(CD_PROFESSOR, NR_MATRICULA, NM_PROFESSOR, DS_SENHA) 
 VALUES(10001, 123, 'Professor 01', '123');


INSERT INTO PROFESSOR(CD_PROFESSOR, NR_MATRICULA, NM_PROFESSOR, DS_SENHA) 
 VALUES(10002, 456, 'Professor 02', '456');


INSERT INTO PROFESSOR(CD_PROFESSOR, NR_MATRICULA, NM_PROFESSOR, DS_SENHA) 
 VALUES(10003, 789, 'Professor 03', '789');


INSERT INTO PROFESSOR(CD_PROFESSOR, NR_MATRICULA, NM_PROFESSOR, DS_SENHA) 
 VALUES(10004, 987, 'Professor 04', '987');

DELETE FROM DISCIPLINA;

INSERT INTO DISCIPLINA(CD_DISCIPLINA, NR_DISCIPLINA, NM_DISCIPLINA) 
 VALUES(101, 113034, 'Calculo I');

INSERT INTO DISCIPLINA(CD_DISCIPLINA, NR_DISCIPLINA, NM_DISCIPLINA) 
 VALUES(102, 113476, 'Algoritmos e Prog. de Computadores');

INSERT INTO DISCIPLINA(CD_DISCIPLINA, NR_DISCIPLINA, NM_DISCIPLINA) 
 VALUES(103, 113468, 'Introducao aos Sistemas Computacionais');

INSERT INTO DISCIPLINA(CD_DISCIPLINA, NR_DISCIPLINA, NM_DISCIPLINA) 
 VALUES(104, 116726, 'Informatica e Sociedade');

DELETE FROM HISTORICO;

-- HISTORICO DO PRIMEIRO ALUNO 

INSERT INTO HISTORICO(NR_ANO_SEMESTRE, CD_ALUNO, CD_DISCIPLINA, VL_MENCAO) 
 VALUES(20161, 1001, 101, 'MS');

INSERT INTO HISTORICO(NR_ANO_SEMESTRE, CD_ALUNO, CD_DISCIPLINA, VL_MENCAO) 
 VALUES(20161, 1001, 102, 'MM');


INSERT INTO HISTORICO(NR_ANO_SEMESTRE, CD_ALUNO, CD_DISCIPLINA, VL_MENCAO) 
 VALUES(20161, 1001, 103, 'MS');


INSERT INTO HISTORICO(NR_ANO_SEMESTRE, CD_ALUNO, CD_DISCIPLINA, VL_MENCAO) 
 VALUES(20161, 1001, 104, 'SS');

-- HISTORICO DO SEGUNDO ALUNO

INSERT INTO HISTORICO(NR_ANO_SEMESTRE, CD_ALUNO, CD_DISCIPLINA, VL_MENCAO) 
 VALUES(20161, 1002, 101, 'MS');

INSERT INTO HISTORICO(NR_ANO_SEMESTRE, CD_ALUNO, CD_DISCIPLINA, VL_MENCAO) 
 VALUES(20161, 1002, 102, 'SS');


INSERT INTO HISTORICO(NR_ANO_SEMESTRE, CD_ALUNO, CD_DISCIPLINA, VL_MENCAO) 
 VALUES(20161, 1002, 103, 'MM');

-- OFERTA

DELETE FROM OFERTA;

INSERT INTO OFERTA(CD_DISCIPLINA, CD_PROFESSOR, NR_ANO_SEMESTRE, DS_TURMA) 
 VALUES(101, 1001, 20162, 'A'); 

INSERT INTO OFERTA(CD_DISCIPLINA, CD_PROFESSOR, NR_ANO_SEMESTRE, DS_TURMA) 
 VALUES(101, 1002, 20162, 'B'); 

INSERT INTO OFERTA(CD_DISCIPLINA, CD_PROFESSOR, NR_ANO_SEMESTRE, DS_TURMA) 
 VALUES(101, 1002, 20162, 'C'); 

INSERT INTO OFERTA(CD_DISCIPLINA, CD_PROFESSOR, NR_ANO_SEMESTRE, DS_TURMA) 
 VALUES(101, 1003, 20162, 'D'); 

INSERT INTO OFERTA(CD_DISCIPLINA, CD_PROFESSOR, NR_ANO_SEMESTRE, DS_TURMA) 
 VALUES(101, 1004, 20162, 'E'); 

